User.Full Name,HR_Name,Flag
Abigail Zelachoski,,
Albert Pagliei,,
Alex Costelnock,,
Allie Cygnarowicz,,
Alyssa Evangelist,,
Amanda Hendrick,,
Amber Skaggs,,
Andrew Toomey,,
Austin Ulm,,
Ben Sauer,,
Bill Haney,,
Bob Coletta,,
Brandy Blasioli,,
Brian McEvoy,,
Brian Shaffer,,
Briana Answine,,
Caleb Zeches,,
Cathy Shafer,,
Chris Barrett,,
Chris Calligan,,
Chris Kula,,
Chris Miner,,
Chris Muir,,
Chris Wolfe,,
Chuck Konkus,,
Clair Lauver,,
Colin Barry,,
Corey Homer,,
Courtney McManus,,
Dan Dephillips,,
Dan Jaworski,,
Dave Corsaro,,
Dave Dunlap,,
Dave Hill,,
David Palko,,
David Williams,,
Devon Johnson,,
Dianna Gray,,
Dustin Bussard,,
Dusty Perrott,,
Ed Gray,,
Eddie McPhillips,,
Eric Marts,,
Eric Myers,,
Eric Place,,
Erin Bryan,,
Frank Grasmuck,,
Fred Thumma,,
George Pesi,,
Greg Murray,,
Helen Yu,,
James Yahner,,
Jan Timothy,,
Jane Smith,,
Jay Merritt,,
Jeff Carleton,,
Jeff Wolfe,,
Jennifer Wilhelm,,
Jennifer Zurick,,
Jess Hamilton,,
Jessie Randolph,,
Jim Musselman,,
Joel Ward,,
John Hunt,,
John Perri,,
John Weinfurther,,
John Wilson,,
Josh Cushman,,
Josh Daniels,,
Josh Huffman,,
Karlee Weiblinger,,
Karoline Breegle,,
Kaylynn Chambers,,
Kenneth Bacan,,
Kevin Fisher,,
Kim Geary,,
Lisa Ray,,
Madison Sieg,,
Mandy Olszewski,,
Marinna Johnson,,
Mark Cercel,,
Mark Supin,,
Mark Syphan,,
Matt Will,,
Michael Dean,,
Michael McWilliams,,
Mike Bellan,,
Mike Brklycica,,
Mike Lizza,,
Mike Perri,,
Mike Rooney,,
Molly Zindash-Nicholson,,
Nick Sargent,,
Nicole Davis,,
Paula Bizzozero,,
Rabecka Martin,,
Rachel Hunter,,
Raymond Milleman,,
Rhonda Fassett,,
Rich Tisza,,
Rob McKeown,,
Robert Brubaker,,
Robert Smith,,
Robin Lewis,,
Rodney Walker,,
Ryan Ross,,
Samantha Baldwin,,
Sauny Wohl,,
Shane McSwaney,,
Shawn Eyster,,
Shawn Morrison,,
Shawna Helman,,
Shelly Delara,,
Sherry Downes,,
Stephanie Painter,,
Steve Bayura,,
Steve Penley,,
Students,,
Subi Rajagopalan,,
Tanner Schwartz,,
Tanya Ney,,
Taylor Howard,,
Terry Pence,,
Tom Kopec,,
Tom McDonough,,
Tony Pechota,,
Tori Hall,,
Tyler Keyser,,
Valerie Markish,,
